audio_path,label
../raw/FLEURS/FLEURS_vi_vn/audio/train/5552984899602085394.wav,kể từ khi con người đặt chân đến galapagos rất nhiều động vật có vú đã được mang tới như dê ngựa bò chuột mèo và chó
../raw/FLEURS/FLEURS_vi_vn/audio/train/3829295833629573042.wav,năm 1624 công ty đông ấn của hà lan lập căn cứ tại miền tây nam đài loan bắt đầu làm thay đổi tập quán canh tác ngũ cốc của người dân địa phương và thuê công nhân người hoa làm việc trên các ruộng lúa và đồn điền mía đường của họ
../raw/FLEURS/FLEURS_vi_vn/audio/train/3827522345514111687.wav,quản trị viên của commons là adam cuerden biểu lộ sự thất vọng về việc xóa bỏ khi trao đổi với wikinews tháng trước
../raw/FLEURS/FLEURS_vi_vn/audio/train/11557586889725222904.wav,trong thỏa thuận cho-nhận con nuôi cha mẹ ruột chấm dứt các quyền của cha mẹ để một cặp vợ chồng khác có thể nuôi dạy con của họ
../raw/FLEURS/FLEURS_vi_vn/audio/train/16246131172101880903.wav,trong lịch sử hầu hết nông dân đều làm theo hình thức nông nghiệp tự cung tự cấp điều này vẫn đang diễn ra ở nhiều nước đang phát triển
../raw/FLEURS/FLEURS_vi_vn/audio/train/4169487281379568752.wav,mỗi ngôi đền đều có khu vực sân đền bên ngoài và bên trong là nhà thờ mà chỉ linh mục mới có quyền bước vào
../raw/FLEURS/FLEURS_vi_vn/audio/train/421189726355139618.wav,trong vòng 3 tháng qua đã có hơn 80 người bị bắt được thả ra khỏi trụ sở của central booking và không bị buộc tội chính thức
../raw/FLEURS/FLEURS_vi_vn/audio/train/290126210639258193.wav,tổ tiên của họ người vượn australopithecus không có dáng đi thẳng
../raw/FLEURS/FLEURS_vi_vn/audio/train/12673436929792570655.wav,truyền thông địa phương đưa tin một phương tiện chữa cháy sân bay đã tới khi trả lời
../raw/FLEURS/FLEURS_vi_vn/audio/train/9946899424737278280.wav,họ cũng có thể giữ chỗ cho bạn nếu bạn cần thời gian để cân nhắc về thư mời làm việc hoặc xử lý các tài liệu khác liên quan đến điểm đến của mình thí dụ như visa
../raw/FLEURS/FLEURS_vi_vn/audio/train/4177730469436246922.wav,ủy viên công thương của liên minh châu phi albert muchanga thông báo benin dự kiến tham gia
../raw/FLEURS/FLEURS_vi_vn/audio/train/1635021945136386009.wav,tập đoàn virgin của ngài richard branson đã bị từ chối một bản đấu giá cho ngân hàng trước khi ngân hàng bị quốc hữu hóa
../raw/FLEURS/FLEURS_vi_vn/audio/train/13176114849518985455.wav,đối với một số người hiểu biết đôi điều về cách thức hoạt động của máy bay cũng như những vấn đề xảy ra trong một chuyến bay có thể giúp họ vượt qua nỗi sợ do không có thông tin hoặc không kiểm soát được bản thân
../raw/FLEURS/FLEURS_vi_vn/audio/train/12629475317532663101.wav,maroochydore sau đó đã đánh bại caboolture trong trận chung kết sơ bộ
../raw/FLEURS/FLEURS_vi_vn/audio/train/13303250836031107583.wav,xinhua đưa tin các điều tra viên của chính phủ đã thu hồi hai hộp đen' của chiếc máy bay vào hôm thứ tư
../raw/FLEURS/FLEURS_vi_vn/audio/train/3196895471186630589.wav,giống như một số chuyên gia khác ông ấy hoài nghi về khả năng chữa bệnh tiểu đường với lưu ý rằng các phát hiện này không liên quan tới người đã bị tiểu đường tuýp 1
../raw/FLEURS/FLEURS_vi_vn/audio/train/3750424214436820395.wav,tội phạm và ác ý nhắm đến người nước ngoài nói chung hầu như không có tại greenland ngay cả trong các thị trấn không hề có những khu tệ nạn
../raw/FLEURS/FLEURS_vi_vn/audio/train/15950829146424458333.wav,và sau đó trở lại miền bắc đi qua miền tây một lần nữa vượt sông mara sau mùa mưa vào khoảng tháng tư
../raw/FLEURS/FLEURS_vi_vn/audio/train/6736655528922492639.wav,nam phi đội hạt giống hàng đầu của giải đã khởi đầu tốt khi có chiến thắng dễ dàng 26 - 00 trước hạt giống số 5 zambia
../raw/FLEURS/FLEURS_vi_vn/audio/train/10340486003193778492.wav,sư tử báo săn và báo hoa mai đôi khi sẽ rất dè dặt nên để nhìn chúng rõ hơn bạn nên dùng ống nhòm
../raw/FLEURS/FLEURS_vi_vn/audio/train/11224282063401920016.wav,người ta chỉ biết đến sự tồn tại của nó vì tác động của nó lên việc mở rộng của vũ trụ
../raw/FLEURS/FLEURS_vi_vn/audio/train/16998225811016358886.wav,massa phải ngồi ngoài ít nhất là hết mùa giải 2009
../raw/FLEURS/FLEURS_vi_vn/audio/train/1526562460725718170.wav,tại các vùng nội địa của bắc ấn độ và pakistan sữa chua thường được sử dụng trong các món cà ri còn ở miền nam ấn độ và một số vùng duyên hải khác của tiểu lục địa nước cốt dừa lại được sử dụng phổ biến
../raw/FLEURS/FLEURS_vi_vn/audio/train/13837386441283187018.wav,trang này có thể sử dụng dễ dàng bằng cách chỉ cung cấp một địa chỉ web giúp dễ nhớ và dễ đánh máy đối với những học sinh gặp khó khăn trong việc sử dụng bàn phím hoặc đánh vần
../raw/FLEURS/FLEURS_vi_vn/audio/train/16954063583780230632.wav,một vài cư dân tại bishkek đổ lỗi cho nhóm người biểu tình từ phía nam về tình trạng vô pháp luật
../raw/FLEURS/FLEURS_vi_vn/audio/train/17223607747805835940.wav,những đường đứt gãy được tìm thấy trên khắp mặt trăng và bị phong hóa rất ít cho thấy những sự kiện địa chất tạo nên chúng mới diễn ra gần đây
../raw/FLEURS/FLEURS_vi_vn/audio/train/3928924982613829602.wav,tổ tiên của họ người vượn australopithecus không có dáng đi thẳng
../raw/FLEURS/FLEURS_vi_vn/audio/train/9523209457498813968.wav,chiến tranh kế vị tây ban nha đã đánh dấu chiến tranh đầu tiên mà vấn đề trọng tâm là sự cân bằng quyền lực
../raw/FLEURS/FLEURS_vi_vn/audio/train/14760366750369739210.wav,nếu quan sát những sinh vật sống dưới kính hiển vi bạn sẽ thấy rằng chúng được tạo nên bởi những khối vuông hoặc những quả cầu nhỏ
../raw/FLEURS/FLEURS_vi_vn/audio/train/18168731158822747742.wav,nam phi đội hạt giống hàng đầu của giải đã khởi đầu tốt khi có chiến thắng dễ dàng 26 - 00 trước hạt giống số 5 zambia
../raw/FLEURS/FLEURS_vi_vn/audio/train/2428781534758845839.wav,cơn bão được ước tính đang di chuyển về phía trung quốc với vận tốc 11 km/giờ
../raw/FLEURS/FLEURS_vi_vn/audio/train/3457815109875274444.wav,khu vực này cũng là nhà của rất nhiều loài thú và chim
../raw/FLEURS/FLEURS_vi_vn/audio/train/13608180972239050283.wav,thời điểm này danh hiệu kinh đô thời trang được chuyển từ constantinople sang paris
../raw/FLEURS/FLEURS_vi_vn/audio/train/1182182931245468475.wav,nhiếp ảnh gia này sau đó được chuyển đến trung tâm y tế ronald reagan ucla và qua đời tại đây
../raw/FLEURS/FLEURS_vi_vn/audio/train/3993608496897988784.wav,điều này cung cấp cho chúng ta rất nhiều thông tin và tài liệu để xây dựng các mô hình mô phỏng giúp chúng ta hiểu được các quy trình của não bộ
../raw/FLEURS/FLEURS_vi_vn/audio/train/6777625344689186026.wav,với 17.000 hòn đảo để lựa chọn nền ẩm thực indonesia là sự kết hợp đa dạng cực kỳ phong phú của ẩm thực vùng miền trên khắp đất nước
../raw/FLEURS/FLEURS_vi_vn/audio/train/4890246148392635210.wav,nếu bạn thấy mình hay đặt lại đồng hồ khi ngủ bạn có thể để đồng hồ ở góc khác trong phòng để buộc bản thân phải rời khỏi giường để tắt
../raw/FLEURS/FLEURS_vi_vn/audio/train/3764859453368999929.wav,không chỉ là cựu vô địch olympic và thế giới saito còn là chủ tịch ủy ban huấn luyện của liên đoàn judo toàn nhật bản vào lúc ông qua đời
../raw/FLEURS/FLEURS_vi_vn/audio/train/4717458821440128111.wav,lý thuyết này mâu thuẫn với tuyên bố cho rằng mặt trăng hoàn toàn không có bất cứ hoạt động địa chất nào cả
../raw/FLEURS/FLEURS_vi_vn/audio/train/269940238287560.wav,ngân hàng northern rock đã được quốc hữu hóa vào năm 2008 sau khi có tin tiết lộ rằng công ty đã nhận được hỗ trợ khẩn cấp từ chính phủ vương quốc anh
../raw/FLEURS/FLEURS_vi_vn/audio/train/5484270391289105047.wav,người theo sikh giáo gọi tôn giáo của mình là gurmat tức là punjabi vì đường lối của guru guru là một khía cạnh cơ bản của mọi tôn giáo ấn độ nhưng trong sikh giáo đã chiếm vai trò quan trọng tạo thành cốt lõi trong tư tưởng của sikh giáo
../raw/FLEURS/FLEURS_vi_vn/audio/train/9578602834399193674.wav,đối với một số người hiểu biết đôi điều về cách thức hoạt động của máy bay cũng như những vấn đề xảy ra trong một chuyến bay có thể giúp họ vượt qua nỗi sợ do không có thông tin hoặc không kiểm soát được bản thân
../raw/FLEURS/FLEURS_vi_vn/audio/train/2352619174587400746.wav,hồ sơ panama là thuật ngữ chung cho khoảng mười triệu tài liệu từ hãng luật panama mossack fonseca bị rò rỉ với báo chí vào mùa xuân 2016
../raw/FLEURS/FLEURS_vi_vn/audio/train/6485355585858269452.wav,viên phi công được xác định là chỉ huy đội bay dilokrit pattavee
../raw/FLEURS/FLEURS_vi_vn/audio/train/9025157508743676981.wav,tiếp theo là dàn nhạc giao hưởng quốc gia istanbul ban nhạc janissary cùng hai ca sĩ fatih erkoç và müslüm gürses
../raw/FLEURS/FLEURS_vi_vn/audio/train/2214682419490177704.wav,luxembourg luôn cố gắng duy trì tư cách là nước trung lập nhưng họ đã bị đức chiếm đóng trong cả thế chiến i và ii
../raw/FLEURS/FLEURS_vi_vn/audio/train/15713999465191969382.wav,không lâu sau the atlanta journal-constitution đăng xuất bản một báo cáo chỉ ra các vấn đề với kết quả xét nghiệm
../raw/FLEURS/FLEURS_vi_vn/audio/train/9955602511846843261.wav,"trong báo cáo hằng tháng mới nhất opec nói sản lượng dầu thô xuất khẩu đã giảm đến mức thấp nhất trong hai thập niên qua khi chỉ đạt 2,8 triệu thùng mỗi ngày"
../raw/FLEURS/FLEURS_vi_vn/audio/train/1802524711579156726.wav,những đứa trẻ này có khuynh hướng tham gia vào nhiều chuyện rắc rối vì chúng tham gia vào những hành vi nguy hiểm đánh nhau và thách thức người nắm quyền hầu để kích thích não bộ của chúng bởi não bộ của chúng không thể kích thích bằng những phương pháp thông thường
../raw/FLEURS/FLEURS_vi_vn/audio/train/10948562329087378342.wav,luật của nước pháp đã thay đổi những hoạt động của ông bắt đầu từ năm ông mới 15 tuổi khi ông tham gia lực lượng kháng chiến pháp trong chiến tranh thế giới lần 2
../raw/FLEURS/FLEURS_vi_vn/audio/train/15502936678045818947.wav,điều này không chỉ khẳng định một giả thuyết đã nhiều người biết đến là ít nhất có một số loài khủng long có lông vũ mà còn cung cấp những thông tin chi tiết mà hóa thạch không thể chỉ ra chẳng hạn như màu sắc hay cấu trúc 3 chiều
../raw/FLEURS/FLEURS_vi_vn/audio/train/10327229598689192800.wav,acma cũng kết luận rằng mặc dù đoạn video được chiếu trực tiếp trên internet nhưng big brother đã không vi phạm luật kiểm duyệt nội dung trên mạng do nội dung này không lưu trữ trên trang web của big brother
../raw/FLEURS/FLEURS_vi_vn/audio/train/9385957981872039630.wav,các sao chổi có thể đã từng là một nguồn cung cấp nước cho trái đất cùng với vật chất hữu cơ có khả năng hình thành các loại protein và hỗ trợ sự sống
../raw/FLEURS/FLEURS_vi_vn/audio/train/14186861100419407707.wav,những đường đứt gãy được tìm thấy trên khắp mặt trăng và bị phong hóa rất ít cho thấy những sự kiện địa chất tạo nên chúng mới diễn ra gần đây
../raw/FLEURS/FLEURS_vi_vn/audio/train/11906420173557259212.wav,thời tiết khắc nghiệt có thể xuất hiện ở bất cứ đâu trên thế giới và có nhiều hình thái khác nhau tùy thuộc vào đặc điểm địa lý địa hình và khí hậu
../raw/FLEURS/FLEURS_vi_vn/audio/train/3488913550124045054.wav,vì các cuộc gọi được định tuyến qua mạng internet nên bạn không cần đến công ty cung cấp dịch vụ điện thoại tại nơi bạn sinh sống hoặc du lịch
../raw/FLEURS/FLEURS_vi_vn/audio/train/11450093844053793931.wav,trên thế giới hiện có gần 200 tổ chức sự kiện du lịch kết hợp chạy bộ hầu hết các tổ chức này đều vận hành độc lập
../raw/FLEURS/FLEURS_vi_vn/audio/train/198675226978548876.wav,điều này không chỉ khẳng định một giả thuyết đã nhiều người biết đến là ít nhất có một số loài khủng long có lông vũ mà còn cung cấp những thông tin chi tiết mà hóa thạch không thể chỉ ra chẳng hạn như màu sắc hay cấu trúc 3 chiều
../raw/FLEURS/FLEURS_vi_vn/audio/train/8388372436714530505.wav,hãy lấp đầy không gian ngôi nhà bạn với hương vị cà phê vào buổi sáng và một chút trà hoa cúc thư giãn vào ban đêm
../raw/FLEURS/FLEURS_vi_vn/audio/train/6668816992325834383.wav,quản trị viên của commons là adam cuerden biểu lộ sự thất vọng về việc xóa bỏ khi trao đổi với wikinews tháng trước
../raw/FLEURS/FLEURS_vi_vn/audio/train/14327507368985044297.wav,chứng giảm chú ý là một hội chứng thần kinh được đặc trưng bởi bộ ba hội chứng gồm bốc đồng mất tập trung tăng động hoặc thừa năng lượng
../raw/FLEURS/FLEURS_vi_vn/audio/train/4721144431095899654.wav,sử dụng các ứng dụng điều hướng qua gps trên điện thoại di động có thể là cách thức dễ dàng và thuận tiện nhất để xác định phương hướng khi di chuyển ở nước ngoài
../raw/FLEURS/FLEURS_vi_vn/audio/train/16628434450675071081.wav,câu chuyện được thể hiện trong vở nhạc kịch pháp bởi camille saint-saens bởi một nghệ sĩ mà cuộc sống bị bức chế bởi tình yêu dành cho thuốc phiện và nhật bản
../raw/FLEURS/FLEURS_vi_vn/audio/train/12096754822420214888.wav,vào ngày 28 tháng sáu marshal italo balbo người nắm toàn quyền libya và là người thừa kế rõ ràng của mussolini đã bị giết bởi những người cùng phe khi hạ cánh ở tobruk
../raw/FLEURS/FLEURS_vi_vn/audio/train/3562890940417906836.wav,hầu như mọi máy tính chúng ta đang sử dụng ngày này đều dựa trên việc biến đổi thông tin được mã hóa ở dạng số nhị phân
../raw/FLEURS/FLEURS_vi_vn/audio/train/8639601334314783937.wav,bàn tay của người ngắn hơn bàn chân và có các đốt thẳng hơn
../raw/FLEURS/FLEURS_vi_vn/audio/train/15548708299828651422.wav,cơ quan kiểm soát mặt đất nga đã kích hoạt động cơ và dáng bình thường của trạm đã được lập lại
../raw/FLEURS/FLEURS_vi_vn/audio/train/4446636566315197501.wav,với 17.000 hòn đảo để lựa chọn nền ẩm thực indonesia là sự kết hợp đa dạng cực kỳ phong phú của ẩm thực vùng miền trên khắp đất nước
../raw/FLEURS/FLEURS_vi_vn/audio/train/554221572348926806.wav,bàn thắng thứ hai trong đêm là bàn thứ 60 của anh ấy trong mùa giải này và anh ta trở thành cầu thủ đầu tiên ghi 60 bàn thắng trở lên trong một mùa giải kể từ năm 1995-1996 khi jaromir jagr và mario lemieux lần lượt đạt kỷ lục đó
../raw/FLEURS/FLEURS_vi_vn/audio/train/17983749940448233592.wav,ném boomerang là kỹ năng phổ biến mà nhiều du khách muốn học
../raw/FLEURS/FLEURS_vi_vn/audio/train/6065366897026867318.wav,các nhà khoa học gọi quá trình này là phát xạ kích thích vì những hạt nguyên tử bị kích thích bởi ánh sáng tạo ra sự phát xạ của các hạt photon ánh sáng và ánh sáng là một loại của bức xạ
../raw/FLEURS/FLEURS_vi_vn/audio/dev/13268479210390696192.wav,phật giáo tây tạng dựa trên những lời dạy của đức phật nhưng được mở rộng bằng con đường từ bi của phật giáo đại thừa và rất nhiều kỹ thuật yoga ấn độ
../raw/FLEURS/FLEURS_vi_vn/audio/dev/14591500972909447387.wav,với gần 7.000 đảo lớn nhất là đảo honshu nhật bản trở thành hòn đảo lớn thứ 7 trên thế giới!
../raw/FLEURS/FLEURS_vi_vn/audio/dev/5576284673121417308.wav,sau đó lakkha singh giữ vai trò chính khi hát các bài hát bhajan
../raw/FLEURS/FLEURS_vi_vn/audio/dev/4121862902282746591.wav,gia đình hebrew đã dành hầu hết thời gian sống ngoài không gian mở
../raw/FLEURS/FLEURS_vi_vn/audio/dev/9573923728449838180.wav,vệ tinh trong không gian nhận cuộc gọi và sau đó phản lại xuống gần như tức thì
../raw/FLEURS/FLEURS_vi_vn/audio/dev/6519398716111410867.wav,vệ tinh trong không gian nhận cuộc gọi và sau đó phản lại xuống gần như tức thì
../raw/FLEURS/FLEURS_vi_vn/audio/dev/16136390538496156896.wav,một số lễ hội có các khu vực cắm trại đặc biệt dành cho các gia đình có con nhỏ
../raw/FLEURS/FLEURS_vi_vn/audio/dev/11356869827794671517.wav,ngay sau đó các cảnh sát được trang bị công cụ chống bạo động tiến vào sân và dồn tù nhân vào góc bằng hơi cay
../raw/FLEURS/FLEURS_vi_vn/audio/dev/6976871534213761923.wav,có rất nhiều bãi biển vì auckland nằm giữa hai hải cảng những bãi biển nổi tiếng nhất nằm trong ba khu vực
../raw/FLEURS/FLEURS_vi_vn/audio/test/6295493789025372394.wav,buổi trình diễn âm thanh và ánh sáng trên kim tự tháp là một trong những điều thú vị nhất đối với trẻ nhỏ trong khu vực
../raw/FLEURS/FLEURS_vi_vn/audio/test/4878288597309579137.wav,ví dụ định dạng chụp ảnh tĩnh phổ biến nhất trên thế giới là 35mm kích cỡ phim thịnh hành trước khi kết thúc thời đại phim analog
../raw/FLEURS/FLEURS_vi_vn/audio/test/5080253653527714871.wav,họ thường cung cấp những thức ăn đồ uống và giải trí đặc biệt để giữ khách hàng thoải mái và giữ họ ở lại
../raw/FLEURS/FLEURS_vi_vn/audio/test/7341520868291118223.wav,del potro có ưu thế sớm trong set thứ hai tuy nhiên thời gian nghỉ giải lao khá ít sau khi đạt tỷ số 6-6
../raw/FLEURS/FLEURS_vi_vn/audio/test/14349832770836461517.wav,ngoài ra sau cuộc cách mạng các nghề nghiệp đã mở cửa cho tất cả nam giới đi xin việc giúp cho những người nhiều tham vọng nhất được thành công
../raw/FLEURS/FLEURS_vi_vn/audio/test/5785071290941988414.wav,ngoài ra sau cuộc cách mạng các nghề nghiệp đã mở cửa cho tất cả nam giới đi xin việc giúp cho những người nhiều tham vọng nhất được thành công
../raw/FLEURS/FLEURS_vi_vn/audio/test/13623898274429459653.wav,người ta có thể không lường trước được rằng sự kiên nhẫn và thấu hiểu cũng rất cần thiết cho việc hồi hương
../raw/FLEURS/FLEURS_vi_vn/audio/test/5923926592019131286.wav,greenland có dân cư thưa thớt thần thoại bắc âu kể rằng erik red bị trục xuất khỏi iceland vì tội giết người và khi đang đi về hướng tây ông đã tìm ra greenland và đặt tên vùng đất là greenland
../raw/FLEURS/FLEURS_vi_vn/audio/test/5000725296314808782.wav,chiếc xe đã được đưa đi khỏi hiện trường tai nạn vào khoảng 12:00 giờ gmt cùng ngày hôm đó
../raw/FLEURS/FLEURS_vi_vn/audio/test/15051285700679915567.wav,nhiều người không nghĩ loài vật này là khủng long vì chúng có lông vũ và biết bay
../raw/FLEURS/FLEURS_vi_vn/audio/test/4541600503868418702.wav,được xây dựng bởi người ai cập vào thế kỷ thứ ba trước công nguyên đại kim tự tháp là một trong nhiều kiến trúc kim tự tháp lớn được xây dựng để tưởng nhớ pharaoh đã băng hà
../raw/FLEURS/FLEURS_vi_vn/audio/test/2075881422575664764.wav,đầu tiên hầu hết người cưỡi ngựa mang ủng có gót cao và đế trơn khá hẹp
../raw/FLEURS/FLEURS_vi_vn/audio/test/2759412229520559265.wav,ông ta cũng tham gia vào việc khắc các loại tiền giấy cho nhiều quốc gia những ví dụ gần đây về công việc của ông ấy bao gồm chân dung thủ tướng trên mặt trước của tờ 5 đô la canada và 100 đô la canada mới
../raw/FLEURS/FLEURS_vi_vn/audio/test/15521543905177361253.wav,bệnh viện này đã làm theo quy trình kiểm soát lây nhiễm bao gồm cách ly bệnh nhân với các bệnh nhân khác để ngăn ngừa lây nhiễm có thể có cho những người khác
../raw/FLEURS/FLEURS_vi_vn/audio/test/4137202490528222223.wav,mặc dù trí tuệ nhân tạo ai có ý nghĩa rất lớn trong ngành khoa học viễn tưởng ai cũng định hình một nhánh vô cùng quan trọng trong khoa học máy tính xử lý các hành vi có khả năng học tập và nhạy và mô phỏng trí thông minh trong máy móc
../raw/FLEURS/FLEURS_vi_vn/audio/test/12013948925764266263.wav,mặc dù trí tuệ nhân tạo ai có ý nghĩa rất lớn trong ngành khoa học viễn tưởng ai cũng định hình một nhánh vô cùng quan trọng trong khoa học máy tính xử lý các hành vi có khả năng học tập và nhạy và mô phỏng trí thông minh trong máy móc
../raw/FLEURS/FLEURS_vi_vn/audio/test/12307827640123726254.wav,chúng tôi đồng ý với tuyên bố của usoc là quyền lợi của các câu lạc bộ và vận động viên của chúng tôi cũng như môn thể thao của họ có thể được phục vụ tốt hơn bằng cách tiến lên cùng sự thay đổi có ý nghĩa bên trong tổ chức của chúng tôi thay vì rút lại và bác bỏ điều đó
../raw/FLEURS/FLEURS_vi_vn/audio/test/4044844413876101082.wav,thí dụ mỗi năm các sinh viên trường bennet ở bắc carolina sẽ thiết kế một website về chuyến đi của họ tới thủ phủ của bang mỗi năm website này đều được mô hình hóa lại tuy nhiên các phiên bản cũ vẫn được duy trì trạng thái trực tuyến để làm lưu niệm
../raw/FLEURS/FLEURS_vi_vn/audio/test/2131215153309026976.wav,văn phòng của thống đốc cho biết mười chín người trong số những người bị thương là sĩ quan cảnh sát
../raw/FLEURS/FLEURS_vi_vn/audio/test/17176093354561122041.wav,hai hợp chất này phản ứng với nhau để tạo thành các tinh thể có thể làm cản trở chức năng thận các nhà nghiên cứu tại trường đại học cho biết
../raw/VIVOS/vivos/train/waves/VIVOSSPK01/VIVOSSPK01_R001.wav,KHÁCH SẠN
../raw/VIVOS/vivos/train/waves/VIVOSSPK01/VIVOSSPK01_T050.wav,ÁN MẠNG TRÊN TOA TÀU TỐC HÀNH
../raw/VIVOS/vivos/train/waves/VIVOSSPK02/VIVOSSPK02_R001.wav,ĐẤY LÀ NHỮNG NƠI DỄ BÀY RA ĐỦ LỰA CHỌN HÀO NHOÁNG
../raw/VIVOS/vivos/train/waves/VIVOSSPK02/VIVOSSPK02_T050.wav,CHUYỆN ĐÓ KHÓ CÓ THỂ XẢY RA
../raw/VIVOS/vivos/train/waves/VIVOSSPK03/VIVOSSPK03_R001.wav,ĐANG NHANH TAY BẸO BUỘC HÀNG CẢI BẮP
../raw/VIVOS/vivos/train/waves/VIVOSSPK03/VIVOSSPK03_T050.wav,MẤY QUÁN LẨU DÊ ĐÔNG NHƯ KIẾN
../raw/VIVOS/vivos/train/waves/VIVOSSPK04/VIVOSSPK04_R001.wav,GƯƠNG MẶT NHÀ THƠ CHIM TRẮNG
../raw/VIVOS/vivos/train/waves/VIVOSSPK04/VIVOSSPK04_T050.wav,KHÁCH VẮNG HƠN NÊN NĂM NAY CHỦ CŨNG KHÔNG DÁM TĂNG GIÁ DỊCH VỤ
../raw/VIVOS/vivos/train/waves/VIVOSSPK05/VIVOSSPK05_R001.wav,ĐỂ TỰ MÌNH TÌM RA CÁC CHÂN LÝ CỦA ĐẠO PHẬT
../raw/VIVOS/vivos/train/waves/VIVOSSPK05/VIVOSSPK05_T050.wav,XIN CẢM ƠN TẤT CẢ NHỮNG NGƯỜI ĐÃ ĐÓNG GÓP VÌ NGƯỜI NGHÈO
../raw/VIVOS/vivos/train/waves/VIVOSSPK06/VIVOSSPK06_R001.wav,PHỤ HUYNH VÀ HỌC SINH ĐANG PHẢI È CỔ VÌ SÁCH GIÁ CAO
../raw/VIVOS/vivos/train/waves/VIVOSSPK06/VIVOSSPK06_T050.wav,LƯNG CỦA TÔI CŨNG ĐAU NỮA
../raw/VIVOS/vivos/train/waves/VIVOSSPK07/VIVOSSPK07_R001.wav,TÀU BẤT NGỜ BỊ LẬT ĐẮM KHI ĐANG NEO ĐẬU
../raw/VIVOS/vivos/train/waves/VIVOSSPK07/VIVOSSPK07_T050.wav,TIỀN GIỜ MẤT GIÁ QUÁ
../raw/VIVOS/vivos/train/waves/VIVOSSPK08/VIVOSSPK08_R001.wav,RỒI NGOẮC VỢ THẦY VÀO BUỒNG
../raw/VIVOS/vivos/train/waves/VIVOSSPK08/VIVOSSPK08_T050.wav,CÓ AI CỨU TUI KHÔNG
../raw/VIVOS/vivos/train/waves/VIVOSSPK09/VIVOSSPK09_R001.wav,VÀ NHÂN VIÊN CỦA BẠN CŨNG SẼ KHÔNG BAO GIỜ BỎ BẠN MÀ ĐI
../raw/VIVOS/vivos/train/waves/VIVOSSPK09/VIVOSSPK09_T050.wav,KỶ NIỆM
../raw/VIVOS/vivos/train/waves/VIVOSSPK10/VIVOSSPK10_R001.wav,LÀM NGƯỜI TA CÓ CẢM GIÁC CHÙA RỘNG LỚN HƠN DIỆN TÍCH THỰC
../raw/VIVOS/vivos/train/waves/VIVOSSPK10/VIVOSSPK10_T050.wav,KỶ NIỆM
../raw/VIVOS/vivos/train/waves/VIVOSSPK11/VIVOSSPK11_R001.wav,HÔM QUA CU ÚT ĐI HỌC VỀ VỚI BỘ MẶT MÉO XẸO
../raw/VIVOS/vivos/train/waves/VIVOSSPK11/VIVOSSPK11_T050.wav,KHÔNG ĐI HỌC NỮA ĐÂU
../raw/VIVOS/vivos/train/waves/VIVOSSPK12/VIVOSSPK12_R001.wav,HÀNG NGÀN NGƯỜI THÍCH THÚ
../raw/VIVOS/vivos/train/waves/VIVOSSPK12/VIVOSSPK12_T050.wav,MẤY QUÁN LẨU DÊ ĐÔNG NHƯ KIẾN
../raw/VIVOS/vivos/train/waves/VIVOSSPK13/VIVOSSPK13_001.wav,ĐỂ NGẮM NHÌN VẺ ĐẸP CỦA ĐẤT TRỜI
../raw/VIVOS/vivos/train/waves/VIVOSSPK13/VIVOSSPK13_300.wav,TIỀN GIỜ MẤT GIÁ QUÁ
../raw/VIVOS/vivos/train/waves/VIVOSSPK14/VIVOSSPK14_001.wav,NGƯỜI MẸ GIÀ QUANH NĂM BÁN VÉ SỐ THÔI MÀ
../raw/VIVOS/vivos/train/waves/VIVOSSPK14/VIVOSSPK14_300.wav,KHÁCH VẮNG HƠN NÊN NĂM NAY CHỦ CŨNG KHÔNG DÁM TĂNG GIÁ DỊCH VỤ
../raw/VIVOS/vivos/train/waves/VIVOSSPK15/VIVOSSPK15_001.wav,LÃN LÃN CÔNG
../raw/VIVOS/vivos/train/waves/VIVOSSPK15/VIVOSSPK15_300.wav,MẤY QUÁN LẨU DÊ ĐÔNG NHƯ KIẾN
../raw/VIVOS/vivos/train/waves/VIVOSSPK16/VIVOSSPK16_001.wav,CÔNG TY MÍA ĐƯỜNG QUẢNG NAM
../raw/VIVOS/vivos/train/waves/VIVOSSPK16/VIVOSSPK16_300.wav,XIN CẢM ƠN TẤT CẢ NHỮNG NGƯỜI ĐÃ ĐÓNG GÓP VÌ NGƯỜI NGHÈO
../raw/VIVOS/vivos/train/waves/VIVOSSPK17/VIVOSSPK17_001.wav,THỦ TƯỚNG NÓI ĐÂY LÀ SÁNG KIẾN CẦN PHẢI THỰC HIỆN SỚM
../raw/VIVOS/vivos/train/waves/VIVOSSPK17/VIVOSSPK17_300.wav,CÓ AI CỨU TUI KHÔNG
../raw/VIVOS/vivos/train/waves/VIVOSSPK18/VIVOSSPK18_001.wav,VÍ DỤ NHƯ CHÍNH PHỦ TRẢ PHỤ CẤP
../raw/VIVOS/vivos/train/waves/VIVOSSPK18/VIVOSSPK18_300.wav,THÔI KẾT THÚC TẠI ĐÂY
../raw/VIVOS/vivos/train/waves/VIVOSSPK19/VIVOSSPK19_001.wav,NIỆU QUẢN LÀ HAI ỐNG DÀI HẸP DẪN NƯỚC TIỂU TỪ THẬN XUỐNG BÀNG QUANG
../raw/VIVOS/vivos/train/waves/VIVOSSPK19/VIVOSSPK19_300.wav,NHẬT HOÀNG MUÔN NĂM
../raw/VIVOS/vivos/train/waves/VIVOSSPK20/VIVOSSPK20_001.wav,NHƯNG TÔI THÍCH XEM BỘ PHIM TRUYỆN PHÁT NGAY SAU CHƯƠNG TRÌNH NÀY
../raw/VIVOS/vivos/train/waves/VIVOSSPK20/VIVOSSPK20_300.wav,MẤY QUÁN LẨU DÊ ĐÔNG NHƯ KIẾN
../raw/VIVOS/vivos/train/waves/VIVOSSPK21/VIVOSSPK21_001.wav,ĐỂ ĐƯỢC THĂNG CHỨC
../raw/VIVOS/vivos/train/waves/VIVOSSPK21/VIVOSSPK21_300.wav,LƯNG CỦA TÔI CŨNG ĐAU NỮA
../raw/VIVOS/vivos/train/waves/VIVOSSPK22/VIVOSSPK22_001.wav,THẰNG TRƯỜNG ĐI CHƠI NỬA ĐÊM MỚI MÒ
../raw/VIVOS/vivos/train/waves/VIVOSSPK22/VIVOSSPK22_300.wav,ÁN MẠNG TRÊN TOA TÀU TỐC HÀNH
../raw/VIVOS/vivos/train/waves/VIVOSSPK23/VIVOSSPK23_001.wav,TRONG THỜI GIAN NÀY THỊ TRƯỜNG ĐIỆN THOẠI DI ĐỘNG ĐANG PHÁT TRIỂN RẤT NHANH
../raw/VIVOS/vivos/train/waves/VIVOSSPK23/VIVOSSPK23_110.wav,BỘ TÀI CHÍNH CŨNG VỪA HOÀN THÀNH DỰ THẢO NGHỊ ĐỊNH VỀ XỬ PHẠT TRONG LĨNH VỰC GIÁ
../raw/VIVOS/vivos/train/waves/VIVOSSPK24/VIVOSSPK24_001.wav,RỒI KHI CÁI QUYẾT ĐỊNH HÀNH CHÍNH ĐƯỢC BAN RA CON TÔI CHÍNH THỨC KHÔNG CÒN QUÊ NỮA
../raw/VIVOS/vivos/train/waves/VIVOSSPK24/VIVOSSPK24_100.wav,ĐÂY LÀ NHẬN ĐỊNH CHẮC CHẮN CỦA HẦU HẾT GIÁO VIÊN VÀ PHỤ HUYNH ĐƯỢC HỎI
../raw/VIVOS/vivos/train/waves/VIVOSSPK25/VIVOSSPK25_001.wav,CHẢ BIẾT CÔ NÀNG CÓ PHẢI LÀ GÁI KINH BẮC NHƯNG NHÌN HÀM RĂNG CÁU VÀNG VÀ THÁI ĐỘ HÙNG HỤC CỦA CÔ TA LÀM TÔI KINH HOẢNG THẬT SỰ
../raw/VIVOS/vivos/train/waves/VIVOSSPK25/VIVOSSPK25_180.wav,NHỮNG LỖI THÍ SINH THƯỜNG GẶP DẪN ĐẾN MẤT ĐIỂM KHI LÀM BÀI THI TRẮC NGHIỆM
../raw/VIVOS/vivos/train/waves/VIVOSSPK26/VIVOSSPK26_001.wav,KHÔNG KHÍ RỘN RÃ VUI VẺ NỖI BUỒN CHIA LY CŨNG NHỜ VẬY MÀ DỊU ĐI HAI NĂM XA CÁCH CŨNG THẤY NHƯ GẦN LẠI
../raw/VIVOS/vivos/train/waves/VIVOSSPK26/VIVOSSPK26_300.wav,NGOÀI KHỐI B VỚI CHỦ LỰC LÀ NGÀNH BÁC SĨ ĐA KHOA VÀ ĐIỀU DƯỠNG CÁC KHỐI CÒN LẠI ĐỀU CÓ ĐIỂM THI KHÁ THẤP
../raw/VIVOS/vivos/train/waves/VIVOSSPK27/VIVOSSPK27_001.wav,CÁC LỚP KHUYẾN NÔNG VÀ ĐÀO TẠO CŨNG TẬP TRUNG QUANH CÁC MÔ HÌNH NÀY
../raw/VIVOS/vivos/train/waves/VIVOSSPK27/VIVOSSPK27_244.wav,RIÊNG LOẠI SÁCH IN HAI MẶT GIẤY THÌ SỬ DỤNG LOẠI GIẤY CHUYÊN DỤNG TRONG MỎNG NHẬP KHẨU ĐỂ DÁN BỒI
../raw/VIVOS/vivos/train/waves/VIVOSSPK28/VIVOSSPK28_001.wav,TẠI VÌ NHẬU VÔ TÔI KHÔNG KIỀM CHẾ ĐƯỢC TÍNH TÌNH LÀM CHUYỆN TẦM BẬY TẦM BẠ HOÀI
../raw/VIVOS/vivos/train/waves/VIVOSSPK28/VIVOSSPK28_170.wav,HƯỚNG CỦA PHÒNG ĂN TRONG NHÀ Ở GIA ĐÌNH TỐT NHẤT LÀ HƯỚNG NAM DƯỚI ÁNH SÁNG ĐẦY ĐỦ CỦA MẶT TRỜI ĐỂ GIA ĐẠO MỖI NGÀY CÀNG HƯNG VƯỢNG
../raw/VIVOS/vivos/train/waves/VIVOSSPK29/VIVOSSPK29_001.wav,NGOÀI KHOẢN TIỀN ĐƯỢC TRẢ HÀNG NĂM NẾU NGƯỜI Ở CÙNG CHĂM SÓC CHA MẸ HỌ TỐT SẼ ĐƯỢC THƯỞNG THÊM
../raw/VIVOS/vivos/train/waves/VIVOSSPK29/VIVOSSPK29_200.wav,CHO TRẺ BỊ ỐM ĂN VỚI LIỀU LƯỢNG NHƯ THẾ NÀO VÀ VÀO LÚC NÀO THÌ THÍCH HỢP
../raw/VIVOS/vivos/train/waves/VIVOSSPK30/VIVOSSPK30_001.wav,SAU ĐÓ TÔI CÓ THỂ SẼ ĐẾN CHÂU ÂU CÓ THỂ LÀ ĐỨC ĐỂ TIẾP TỤC SỰ NGHIỆP
../raw/VIVOS/vivos/train/waves/VIVOSSPK30/VIVOSSPK30_153.wav,TRONG KHI ĐỢI XÂY NHÀ DÂN Ở KHU NHÀ TẠM MÁI LỢP TÔN QUÁ THẤP NÊN KHÔNG THỂ CHỊU NỔI NẮNG NÓNG
../raw/VIVOS/vivos/train/waves/VIVOSSPK31/VIVOSSPK31_001.wav,VÀ RỒI Ý NGHĨ NÂNG CẤP MÓN KHOÁI KHẨU TUỔI THƠ LÊN THÀNH ĐẶC SẢN BÁM RIẾT CÔ NGAY KHI VÀO ĐỜI
../raw/VIVOS/vivos/train/waves/VIVOSSPK31/VIVOSSPK31_275.wav,VẤN ĐỀ LÀ KHI CẦN BIẾT TÌM Ở ĐÂU TÌM BẰNG CÁCH NÀO VÀ QUAN TRỌNG HƠN NHIỀU LÀ BIẾT CÁCH DÙNG NÓ SAO CHO HIỆU QUẢ NHẤT
../raw/VIVOS/vivos/train/waves/VIVOSSPK32/VIVOSSPK32_001.wav,NHƯNG KHI ĐỌC LẠI HƯỚNG DẪN GHI TRONG HỒ SƠ THÌ CHÚNG LẠC NHỊP VỚI NHAU HẾT
../raw/VIVOS/vivos/train/waves/VIVOSSPK32/VIVOSSPK32_214.wav,CỬA KÍNH MÁY LẠNH RA TỚI TIỀN SẢNH ĐỒNG PHỤC NHÂN VIÊN PHỤC VỤ NAM NỮ ĐẾN CẢ VẢI BỌC GHẾ THẢY ĐỀU ĐỎ RỰC SẮC HÊN
../raw/VIVOS/vivos/train/waves/VIVOSSPK33/VIVOSSPK33_001.wav,TỪ LÚC CHƯA CÓ ĐỀ NGHỊ CỦA BÀ BA SƯƠNG TÔI ĐÃ YÊU CẦU ANH EM CẦN PHẢI XEM XÉT VỤ NÀY
../raw/VIVOS/vivos/train/waves/VIVOSSPK33/VIVOSSPK33_220.wav,ÁNH NHÌN CỦA NÀNG DÀNH CHO TÔI THẬT ĐÁNG THƯƠNG TÔI CHẲNG LÀM GÌ KHÁC NGOÀI VIỆC CẢM THẤY TỘI NGHIỆP CHO NÀNG
../raw/VIVOS/vivos/train/waves/VIVOSSPK34/VIVOSSPK34_001.wav,NHƯ VẬY VẤN ĐỀ QUAN TRỌNG LÀ LIỆU CÁC NHÀ THẦU CÓ ĐẢM BẢO ĐƯỢC TIẾN ĐỘ CÔNG TRÌNH ĐỂ GIẢI NGÂN ĐƯỢC VỐN VAY HAY KHÔNG MÀ THÔI
../raw/VIVOS/vivos/train/waves/VIVOSSPK34/VIVOSSPK34_300.wav,SAU ĐÓ CÓ MỘT NGƯỜI LẠ MẶT CHỞ ÔNG LINH GẶP TÔI RỒI CHỞ TÔI ĐẾN GẶP LẠI ÔNG ĐĂNG
../raw/VIVOS/vivos/train/waves/VIVOSSPK35/VIVOSSPK35_132.wav,KHI LỰA CHỌN KIỂU TÓC ĐẦU TIÊN BẠN PHẢI CHÚ Ý ĐẾN CHIẾC VÁY MÌNH SẼ MẶC ĐẶC ĐIỂM KHUÔN MẶT NHƯ TRÒN GÓC CẠNH HAY TRÁI XOAN
../raw/VIVOS/vivos/train/waves/VIVOSSPK36/VIVOSSPK36_113.wav,PHÍA HẠ LƯU ĐOẠN KÊNH MỘT CÔNG TRƯỜNG THI CÔNG CỐNG HỘP KÉO DÀI HÀNG CHỤC MÉT ĐANG DIỄN RA TẤP NẬP
../raw/VIVOS/vivos/train/waves/VIVOSSPK37/VIVOSSPK37_066.wav,MỖI GIAI ĐOẠN CỦA CUỘC ĐỜI MANG LẠI CHO BẠN NHỮNG CẢM XÚC KHÁC NHAU
../raw/VIVOS/vivos/train/waves/VIVOSSPK38/VIVOSSPK38_147.wav,BẢN THÂN BÀ ĐÃ NHIỀU LẦN BỊ SAI SỐ NHƯNG KHÔNG CÓ CƠ CHẾ NÀO ĐỂ TỰ BẢO VỆ MÌNH VÔ TỘI
../raw/VIVOS/vivos/train/waves/VIVOSSPK39/VIVOSSPK39_093.wav,VIỆC THAM GIA VÀO MẠNG SẢN XUẤT VÀ CHUỖI GIÁ TRỊ TOÀN CẦU ĐÃ TRỞ THÀNH YÊU CẦU ĐỐI VỚI CÁC NỀN KINH TẾ
../raw/VIVOS/vivos/train/waves/VIVOSSPK40/VIVOSSPK40_151.wav,ĐÚNG VẬY VÀ TỪ XUẤT PHÁT ĐIỂM NÀY ÔNG ĐI TIẾP
../raw/VIVOS/vivos/train/waves/VIVOSSPK41/VIVOSSPK41_151.wav,GIẬM CHÂN BỨT TÓC KÊU TRỜI TRỜI BẢO TA CŨNG ĐÀNH KHOANH TAY NHẮM MẮT
../raw/VIVOS/vivos/train/waves/VIVOSSPK42/VIVOSSPK42_151.wav,HOẠT ĐỘNG DẠY NGHỀ SẼ THEO HƯỚNG CUNG ỨNG DỊCH VỤ
../raw/VIVOS/vivos/train/waves/VIVOSSPK43/VIVOSSPK43_151.wav,NHỮNG BIA ĐÁ TƯƠNG TRUYỀN HÀN MẶC TỬ TỪNG ĐỀ THƠ NAY ĐÃ VỠ VỤN
../raw/VIVOS/vivos/train/waves/VIVOSSPK44/VIVOSSPK44_151.wav,KẾT QUẢ KIỂM TRA CHO THẤY CHỦ TRƯƠNG DỪNG KHOÁN HỘ KHÔNG ĐƯỢC LÒNG DÂN
../raw/VIVOS/vivos/train/waves/VIVOSSPK45/VIVOSSPK45_151.wav,NẾU CẦN HỎI CÁN BỘ COI THI ĐIỀU GÌ PHẢI HỎI CÔNG KHAI
../raw/VIVOS/vivos/train/waves/VIVOSSPK46/VIVOSSPK46_151.wav,NHIỀU LÀNG TRONG VÙNG CŨNG CÓ PHONG TỤC THI THẢ CHIM CÂU
../raw/VIVOS/vivos/test/waves/VIVOSDEV02/VIVOSDEV02_R132.wav,ĐIỆN THOẠI RENG NHƯNG TA CŨNG PHẢI NHẤC MÁY ĐÚNG KHÔNG
../raw/VIVOS/vivos/test/waves/VIVOSDEV03/VIVOSDEV03_R144.wav,MÀ CŨNG ĐẦY THANH KHIẾT
../raw/VIVOS/vivos/test/waves/VIVOSDEV01/VIVOSDEV01_R002.wav,TIẾNG CỌC CẠCH KHỰNG LẠI CỦA NHỮNG KHỚP SẮT
../raw/VIVOS/vivos/test/waves/VIVOSDEV01/VIVOSDEV01_T048.wav,THẰNG ĐÓ CÓ CÁI MIỆNG NHƯ ĐÀN BÀ
../raw/VIVOS/vivos/test/waves/VIVOSDEV04/VIVOSDEV04_R126.wav,TÔI KHÔNG NỠ LÀM CÔ BÉ THẤT VỌNG
../raw/VIVOS/vivos/test/waves/VIVOSDEV05/VIVOSDEV05_155.wav,NỬA VÒNG TRÁI ĐẤT HƠN BẢY NĂM
../raw/VIVOS/vivos/test/waves/VIVOSDEV06/VIVOSDEV06_143.wav,ĐÔI MÔI MẸ PHAI SON MẤP MÁY MỘT LỜI CA HOANG HOẢI
../raw/VIVOS/vivos/test/waves/VIVOSDEV07/VIVOSDEV07_151.wav,RÔ BÓT THÔNG MINH
../raw/VIVOS/vivos/test/waves/VIVOSDEV08/VIVOSDEV08_159.wav,VỚI NGƯỜI MẸ Ở XÓM CHÀI LONG BIÊN
../raw/VIVOS/vivos/test/waves/VIVOSDEV09/VIVOSDEV09_158.wav,SỢ NHẤT LÀ MÙA MƯA SẤM SÉT ĐÙNG ĐOÀNG TRÊN NÚI
../raw/VIVOS/vivos/test/waves/VIVOSDEV10/VIVOSDEV10_156.wav,CHÍNH PHỦ ĐỒNG THỜI CŨNG LẬP THÊM CỤC XÚC TIẾN TIÊU THỤ DẦU CỌ
../raw/VIVOS/vivos/test/waves/VIVOSDEV11/VIVOSDEV11_136.wav,KHI NHÂN VIÊN CỨU HỘ CỐ GẮNG ĐƯA NÓ LÊN SÀ LAN
../raw/VIVOS/vivos/test/waves/VIVOSDEV12/VIVOSDEV12_135.wav,ÔNG ĐƯỢC NHIỀU NGƯỜI BIẾT ĐẾN
../raw/VIVOS/vivos/test/waves/VIVOSDEV13/VIVOSDEV13_150.wav,VỢ HẮN THỊ NGẦN MANG LƯỚI RA VÁ ĐỂ CHIỀU THẢ
../raw/VIVOS/vivos/test/waves/VIVOSDEV14/VIVOSDEV14_156.wav,THỈNH THOẢNG CON ĐI QUA DỪNG LẠI DỰNG XE NGỒI HÚT THUỐC
../raw/VIVOS/vivos/test/waves/VIVOSDEV15/VIVOSDEV15_168.wav,MÂM CƠM VẪN THANH ĐẠM TỦ ÁO CỦA VỢ CŨNG CHỈ VÀI BỘ ĐƠN SƠ
../raw/VIVOS/vivos/test/waves/VIVOSDEV16/VIVOSDEV16_168.wav,HAI CHÁU NGẠC NHIÊN ĐÓN KHÁCH LẠ SUNG SƯỚNG ÔM CẶP MỚI
../raw/VIVOS/vivos/test/waves/VIVOSDEV17/VIVOSDEV17_170.wav,VÀ ĐỘI TUYỂN PHÁP ĐANG LÀ ĐỘI CHIẾM ƯU THẾ HƠN SO VỚI THỤY SĨ
../raw/VIVOS/vivos/test/waves/VIVOSDEV18/VIVOSDEV18_194.wav,XIN VỚI MẸ CHO ĐI CAI TẬP TRUNG SAU MỘT NĂM BẠN TRỞ VỀ NHÀ
../raw/VIVOS/vivos/test/waves/VIVOSDEV19/VIVOSDEV19_158.wav,NHỮNG NGƯỜI TRẺ ẤY THẬT ĐÁNG PHÊ PHÁN ĐÁNG LÊN ÁN
../raw/VLSP/vlsp2020_train_set_02/database_sa1_Jan08_Mar19_cleaned_utt_0000006982-1.wav,các nhà cung cấp như đờ róc bóc gu gồ tri hay hay a ma dôn ẹt ba nói là dịch vụ của họ an toàn bảo mật tuyệt đối nhưng các chuyên gia máy tính cho rằng cách bảo mật nên nằm trong tay người sử dụng
../raw/VLSP/vlsp2020_train_set_02/database_sa1_Jan08_Mar19_cleaned_utt_0000021012-1.wav,thấy là nhân dân việt nam thì đỡ hơn cảm thấy là cái hành trình đó nó đứt rồi rồi cái chính phủ việt nam cũng tổ chức một tua du lịch
../raw/VLSP/vlsp2020_train_set_02/database_sa1_Jan08_Mar19_cleaned_utt_0000034284-2.wav,<unk> a tiếng việt vi đi ô qua các thiết bị di động với ứng dụng vê o a miễn phí trên ai tun sờ to và gu gồ pờ lây muốn đóng góp bài viết cho vi ô uây việt ngữ xin gửi về địa chỉ vê o a bạn làm báo a vòng gờ meo chấm com trà my xin hẹn gặp lại quý vị trong bản tin lần tới
../raw/VLSP/vlsp2020_train_set_02/database_sa1_Jan08_Mar19_cleaned_utt_0000047899-1.wav,trung tâm chỉ huy me ri ớt là nơi cung cấp mọi thông tin về những gì xảy ra với a lê xa tôi là phụ huynh đầu tiên tới đó lúc đấy trung tâm chỉ huy vẫn chưa được dựng lên
../raw/VLSP/vlsp2020_train_set_02/database_sa1_Jan08_Mar19_cleaned_utt_0000062148-3.wav,<unk> mà nặng quá chứ gì những người làm ờ ờ ờ làm ruộng ớ thì ngồi xuống đứng lên quá nhiều lâu ngày đớ
../raw/VLSP/vlsp2020_train_set_02/database_sa1_Mar20_May04_cleaned_utt_0000004628-1.wav,dạ
../raw/VLSP/vlsp2020_train_set_02/database_sa1_Mar20_May04_cleaned_utt_0000018903-1.wav,chương trình bạn muốn hẹn hò thực hiện phiên bản đặc biệt dành cho các cán bộ sĩ quan quân nhân chuyên nghiệp đang có công tác trong quân đội nhân dân việt nam mời các chiến sĩ quân đội hoặc bạn nữ nào có nguyện vọng tìm người yêu là các chiến sĩ quân đội thì nhanh tay đăng ký tham gia
../raw/VLSP/vlsp2020_train_set_02/database_sa1_Mar20_May04_cleaned_utt_0000033764-1.wav,hai mươi tư tuổi làm công việc này được bao lâu rồi em
../raw/VLSP/vlsp2020_train_set_02/database_sa1_Mar20_May04_cleaned_utt_0000048498-1.wav,hai em si nha
../raw/VLSP/vlsp2020_train_set_02/database_sa1_Mar20_May04_cleaned_utt_0000063316-1.wav,nói là anh nhẫn em đâu mà anh cứ cầu hôn em hoài mà không có thấy nhẫn nhẫn em đâu thì anh mới móc trong túi ra thì anh lấy cái nhẫn ra cho em thì lúc đó là em nhìn thấy cái nhẫn xong là em khóc luôn em không nghĩ là có những cái điều đó dành cho mình
../raw/VLSP/vlsp2020_train_set_02/database_sa2_Feb29_Mar06_Mar17_toApril06_cleaned_utt_0000007435-1.wav,cổ tích kể rằng thạch động là hang chằn tinh nơi thạch sanh giải cứu công chúa và con vua thủy tề
../raw/VLSP/vlsp2020_train_set_02/database_sa2_Feb29_Mar06_Mar17_toApril06_cleaned_utt_0000022760-1.wav,với mức phí bốn mươi ngàn đồng để được đọc sách dùng máy tính và tham gia các hoạt động của thư viện cho những cháu từ ba đến mười ba tuổi trên mỗi năm có thể nói đây là giá thẻ rất hấp dẫn đối với độc giả
../raw/VLSP/vlsp2020_train_set_02/database_sa2_Feb29_Mar06_Mar17_toApril06_cleaned_utt_0000036350-1.wav,chia tay nhưng mà cứ mỗi lần sinh nhật mỗi năm sinh nhật ảnh em vẫn mua bánh
../raw/VLSP/vlsp2020_train_set_02/database_sa2_Feb29_Mar06_Mar17_toApril06_cleaned_utt_0000050711-1.wav,các bạn còn lại có câu trả lời khác không ạ tín hiệu từ bạn ngọc vũ xin mời bạn ạ
../raw/VLSP/vlsp2020_train_set_02/database_sa2_Feb29_Mar06_Mar17_toApril06_cleaned_utt_0000065434-1.wav,yểm trợ cho tôi
../raw/VLSP/vlsp2020_train_set_02/database_sa2_Feb29_Mar06_Mar17_toApril06_cleaned_utt_0000078903-1.wav,cái lúc mà hen chạy xuống á thấy là đội nâu á đã viết được hai chữ rồi mà nhìn qua đội nâu á nhìn anh tim viết á nhìn thèm luôn á anh đan lên chỉ anh ti á anh ti viết viết rất là nhanh trong khi hen nó chạy lên ba lần vẫn không nhớ đúng một dấu là dấu này
../raw/VLSP/vlsp2020_train_set_02/database_sa2_Feb29_Mar06_Mar17_toApril06_cleaned_utt_0000093519-2.wav,đó
../raw/VLSP/vlsp2020_train_set_02/database_sa2_Feb29_Mar06_Mar17_toApril06_cleaned_utt_0000107513-1.wav,những
../raw/VLSP/vlsp2020_train_set_02/database_sa2_Feb29_Mar06_Mar17_toApril06_cleaned_utt_0000121279-1.wav,hân hạnh chào đón quý vị đến với đài tiếng nói hoa kỳ vi ô ây nơi mang đến quý vị nguồn thông tin trung thực đa chiều về tình hình việt nam và thế giới
../raw/VLSP/vlsp2020_train_set_02/database_sa2_Feb29_Mar06_Mar17_toApril06_cleaned_utt_0000137379-1.wav,nếu mà mình bảo là đây là hàng thêu tây đây là hàng của mình được mấy chục năm nay rồi thì là người ta người ta mới mua
../raw/VLSP/vlsp2020_train_set_02/database_sa2_Feb29_Mar06_Mar17_toApril06_cleaned_utt_0000152527-1.wav,còn cái việc chăm sóc em bé thì có hợp không hả cô
../raw/VLSP/vlsp2020_train_set_02/database_sa2_Feb29_Mar06_Mar17_toApril06_cleaned_utt_0000166794-1.wav,nhỏ xíu à
../raw/VLSP/vlsp2020_train_set_02/database_sa2_Feb29_Mar06_Mar17_toApril06_cleaned_utt_0000181691-1.wav,và đó là câu trả lời của bạn minh ngọc
../raw/VLSP/vlsp2020_train_set_02/database_sa2_Feb29_Mar06_Mar17_toApril06_cleaned_utt_0000196930-1.wav,tất cả những điều đó đều đúng về bạn chứ ạ
../raw/VLSP/vlsp2020_train_set_02/database_sa2_Feb29_Mar06_Mar17_toApril06_cleaned_utt_0000210947-1.wav,a thằng này láo a thằng này láo
../raw/VLSP/vlsp2020_train_set_02/database_sa2_Feb29_Mar06_Mar17_toApril06_cleaned_utt_0000225817-1.wav,thành phố hồ chí minh có một mùa
../raw/VLSP/vlsp2020_train_set_02/database_sa2_Jan4_Feb29_cleaned_utt_0000010607-1.wav,và hàng trăm người dân có mặt tại hiện trường chữa cháy đến khoảng một giờ ba mươi phút sáng nay đám cháy đã dập tắt hoàn toàn ước tính có bốn mươi lăm cửa hàng trên tổng diện tích một nghìn năm trăm mét vuông gây thiệt hại ước tính ban đầu hàng chục tỷ đồng
../raw/VLSP/vlsp2020_train_set_02/database_sa2_Jan4_Feb29_cleaned_utt_0000026092-1.wav,đặc biệt do hội nghị diễn ra trước thềm thủ lĩnh cấp cao a pec hai ngàn không trăm mười bảy đúng thời điểm các hoạt động truyền thông về sự kiện khu vực quan trọng này đang tiến hành nên sẽ là dịp tốt nhất giúp đà nẵng quảng bá hiệu quả hình ảnh và giá trị thương hiệu một thành phố năng động
../raw/VLSP/vlsp2020_train_set_02/database_sa2_Jan4_Feb29_cleaned_utt_0000040369-1.wav,giúp làm giảm nguy cơ tử vong tăng chất lượng sống cho bệnh nhân trong và sau quá trình điều trị
../raw/VLSP/vlsp2020_train_set_02/database_sa2_Jan4_Feb29_cleaned_utt_0000056220-1.wav,có đến tám ngàn công nhân tại nhà máy eo ri đít bờ lây do nam triều tiên sở hữu trong thành phố nam kinh đã lãng công bắt đầu từ ngày hai mươi sáu tháng mười hai họ than phiền là các công nhân miền nam triều tiên đã được nhận tiền thưởng cuối năm cao gấp sáu lần công nhân trung quốc nhưng các giới chức cho biết họ đã đồng ý trở lại làm việc sau khi công ty đề nghị tăng gấp đôi số tiền thưởng cho công nhân trung quốc bằng với hai tháng lương theo tin cho biết lương trung bình của công nhân trung quốc làm việc tại cơ sở này chỉ trên hai trăm hai mươi đô la một tháng
../raw/VLSP/vlsp2020_train_set_02/database_sa2_Jan4_Feb29_cleaned_utt_0000070540-1.wav,bảo châu huỳnh lúc ngủ thường xuyên bị tê hai ngón tay út và ngón tay kế út
../raw/VLSP/vlsp2020_train_set_02/database_sa2_Jan4_Feb29_cleaned_utt_0000086556-1.wav,trà my thân chào quý vị và các bạn đang đến với chương trình hỏi đáp y học trực tiếp hàng tuần trên đài vi ô ây ở địa chỉ phây búc vê o a tiếng việt tuần này với sự trở lại của bác sĩ đỗ văn hội từ phờ lo ri đa xin chào bác sĩ hội ạ
../raw/VLSP/vlsp2020_train_set_02/database_sa2_Jan4_Feb29_cleaned_utt_0000101795-1.wav,để tiến hành là là theo kế yêu cầu của chính quyền tuy nhiên người ta về thì sau đó người ta không có có phối hợp để mà
../raw/VLSP/vlsp2020_train_set_02/database_sa2_Jan4_Feb29_cleaned_utt_0000118265-1.wav,vấn đề là những cái phương pháp
../raw/VLSP/vlsp2020_train_set_02/database_sa2_Jan4_Feb29_cleaned_utt_0000134688-1.wav,hoàng ân lại trách là tại sao hưng yên mãi mà không thấy trả lời hả chị
../raw/VLSP/vlsp2020_train_set_02/database_sa2_Jan4_Feb29_cleaned_utt_0000149425-1.wav,với số tiền đầu tư dự kiến lên tới sáu mươi lăm triệu đô la tuy nhiên ngay sau khi thông tin này được truyền thông trong nước đăng tải
../raw/VLSP/vlsp2020_train_set_02/database_sa3_1_150h_15Jan2020_cleaned_utt_0000006991-1.wav,với ba cha mẹ và nhà trường thì nên tổ chức cho các cháu hà và học sinh con em của chúng ta là học bơi để biết cách là
../raw/VLSP/vlsp2020_train_set_02/database_sa3_1_150h_15Jan2020_cleaned_utt_0000021282-1.wav,cái đầu tiên là chúng ta phải tổ chức lại sản xuất cũng từ kinh nghiệm các nước thôi hiện nay chúng ta sản xuất rất là manh mún ai cũng có thể làm được làm không có một cái quy trình nào chuẩn khi mà chúng ta tổ chức lại sản xuất thì chúng ta có các tổ đội các hợp tác xã các doanh nghiệp đối với lại cái phát triển nuôi biển
../raw/VLSP/vlsp2020_train_set_02/database_sa3_1_150h_15Jan2020_cleaned_utt_0000035347-1.wav,vâng thời điểm này cũng là thời điểm mà người dân ở vùng vải thiều thanh hà <unk>
../raw/VLSP/vlsp2020_train_set_02/database_sa3_1_150h_15Jan2020_cleaned_utt_0000049345-1.wav,từ chín đến mười hai giờ và mười ba cho đến mười sáu giờ các ngày từ thứ hai đến thứ sáu bà con có hai cách để trò chuyện trực tiếp với chuyên gia ở các lĩnh vực nông nghiệp cách một truy tập iu túp ba en vê tê
../raw/VLSP/vlsp2020_train_set_02/database_sa3_1_150h_15Jan2020_cleaned_utt_0000063090-1.wav,có lẽ là chúng ta cũng phải sát hơn <unk>
../raw/VLSP/vlsp2020_train_set_02/database_sa3_Jan21_Apr24_cleaned_utt_0000007486-1.wav,tôi xin tham gia vào một số ý kiến của cử tri địa phương chúng ta đã có cơ hội lớn thu hút đầu tư
../raw/VLSP/vlsp2020_train_set_02/database_sa3_Jan21_Apr24_cleaned_utt_0000022699-1.wav,bờ sông bồ đoạn qua phường trung tâm tử hà thị xã hương trà điểm sạt lở có chiều dài khoảng sáu mươi mét
../raw/VLSP/vlsp2020_train_set_02/database_sa3_Jan21_Apr24_cleaned_utt_0000038523-1.wav,không tạo tài khoản cho công dân tổ chức khi giao dịch hồ sơ của hàng không xin đổi vân vân
../raw/VLSP/vlsp2020_train_set_02/database_sa3_Jan21_Apr24_cleaned_utt_0000053867-1.wav,thì ghép hơi gần như là một cái cách chống được cái đó loại trừ được cái đó ra khỏi cơ thể
../raw/VLSP/vlsp2020_train_set_02/database_sa3_Jan21_Apr24_cleaned_utt_0000068531-3.wav,rất nhiều sự đóng góp của người dân để hoàn thiện sản phẩm
../raw/VLSP/vlsp2020_train_set_02/database_sa3_Jan21_Apr24_cleaned_utt_0000083866-1.wav,khi tổ chức trợ giúp cho các trường hợp khó khăn hội chữ thập đỏ và bưu điện sẽ thảo luận và thống nhất phương án triển khai nguồn quỹ nhằm đảm bảo hiệu quả và thiết thực phù hợp với từng trường hợp cụ thể
../raw/VLSP/vlsp2020_train_set_02/database_sa3_Jan21_Apr24_cleaned_utt_0000098357-1.wav,vừa thật vừa kỹ thuật số nhiều bạn học sinh đến thử
../raw/VLSP/vlsp2020_train_set_02/database_sa3_Jan21_Apr24_cleaned_utt_0000112715-1.wav,thấy sự khuyến nghị nhắc nhở đó là cứng nhắc không phù hợp với thực tế cuộc sống
../raw/VLSP/vlsp2020_train_set_02/database_sa3_Jan21_Apr24_cleaned_utt_0000127461-1.wav,thực hiện cấp cứu người bị nạn tiếp cận nạn nhân tiến hành sơ cấp cứu đưa lên đảo bạch long vĩ để cấp cứu đến
../raw/VLSP/vlsp2020_train_set_02/database_sa3_Jan21_Apr24_cleaned_utt_0000142030-1.wav,hoàn thiện cơ chế chính sách hành lang pháp lý hỗ trợ khởi nghiệp sáng tạo và đầu tư cho khởi nghiệp sáng tạo tăng cường phát triển các mô hình mạng lưới hỗ trợ sáng tạo trong nước đẩy mạnh hợp tác quốc tế thu hút nguồn lực trong và ngoài nước để hỗ trợ khởi nghiệp sáng tạo
../raw/VLSP/vlsp2020_train_set_02/database_sa4_2019-01-08_2020-03-16_cleaned_utt_0000007366-1.wav,mỗi ngày làng nghề dương liễu chế biến hàng trăm tấn nguyên liệu đồng nghĩa với đó là mươi ba nghìn mét khối nước thải được thải trực tiếp ra kênh mương
../raw/VLSP/vlsp2020_train_set_02/database_sa4_2019-01-08_2020-03-16_cleaned_utt_0000022394-1.wav,mỗi một ngày đến với một câu chuyện mà chương trình truyền tải sẽ đem đến cho quý vị một khoảng lặng ý nghĩa trong tâm hồn
../raw/VLSP/vlsp2020_train_set_02/database_sa4_2019-01-08_2020-03-16_cleaned_utt_0000036789-1.wav,đã đến lúc cần có những giải pháp đồng bộ trong việc xây dựng sân chơi cho trẻ em trong đó rất cần sự vào cuộc của các ban ngành chức năng và địa phương
../raw/VLSP/vlsp2020_train_set_02/database_sa4_2019-01-08_2020-03-16_cleaned_utt_0000051360-1.wav,hoàn toàn gọi là rất là đối với một lời khuyên thực tế em em em có một cái
../raw/VLSP/vlsp2020_train_set_02/database_sa4_2019-01-08_2020-03-16_cleaned_utt_0000065333-1.wav,do đó là mức độ nguy hiệm ờ rất cao đặc biệt là đến sức khỏe và tính mạng
../raw/VLSP/vlsp2020_train_set_02/database_sa4_2019-01-08_2020-03-16_cleaned_utt_0000079738-1.wav,và thiệt hại có thể còn tiếp tục tăng khi tổng diện tích cây trồng này tại địa phương gần ba trăm hai mươi héc ta phản ánh của phóng viên đài truyền thanh truyền hình cơ sở
../raw/VLSP/vlsp2020_train_set_02/database_sa4_Mar17_toApril11_cleaned_utt_0000004121-3.wav,làm bạn cùng con đây là chuyên mục con đang lớn như đã giới thiệu chương trình làm bạn cùng con với mong muốn trước tiên
../raw/VLSP/vlsp2020_train_set_02/database_sa4_Mar17_toApril11_cleaned_utt_0000016788-1.wav,và câu hỏi liên quan tới đáp án đó là
../raw/VLSP/vlsp2020_train_set_02/database_sa4_Mar17_toApril11_cleaned_utt_0000030907-1.wav,hôm nay thì hai khách mời của chương trình sẽ là hai người đẹp xứ trà đó chính là bạn thu trang và bạn bích ngọc
../raw/VLSP/vlsp2020_train_set_02/database_sa4_Mar17_toApril11_cleaned_utt_0000044761-1.wav,đã mang bao tấn thép như dũng sĩ biển đông chân sắt vai đồng
../raw/VLSP/vlsp2020_train_set_02/database_sa4_Mar17_toApril11_cleaned_utt_0000058415-1.wav,con à con đừng có nói dậy mà con
../raw/VLSP/vlsp2020_train_set_02/database_sa4_Mar17_toApril11_cleaned_utt_0000072666-1.wav,ơ sao cô có thể trở mặt như trở bàn tay thế cơ chứ
../raw/VLSP/vlsp2020_train_set_02/database_sa4_Mar17_toApril11_cleaned_utt_0000085851-1.wav,sao lại tượng đài con ếch
../raw/VLSP/vlsp2020_train_set_02/database_sa4_Mar17_toApril11_cleaned_utt_0000100885-1.wav,đây sẽ là món mà có thể những lúc mà bạn có thể
../raw/VLSP/vlsp2020_train_set_02/database_sa4_Mar17_toApril11_cleaned_utt_0000115961-1.wav,em nghe nhiều rồi thậm chí là lúc mà mới quen mình mới quen anh diệp tiên kìa mới quen nhau kìa lúc đó là em đang thi cuộc thi cười xuyên việt thì anh diệp tiên làm tổng đạo diễn
../raw/VLSP/vlsp2020_train_set_02/speaker_021-096828-1.wav,giáo viên viết lên bảng các từ vựng học sinh đọc lại và chép theo một cách thụ động
../raw/VLSP/vlsp2020_train_set_02/speaker_039-082452-1.wav,chiến sự tại phú thọ diễn ra không đạt kết quả nguyễn khắc nhu chỉ huy quân đánh vào thị xã hưng hóa không đạt kết quả
../raw/VLSP/vlsp2020_train_set_02/speaker_080-194348-1.wav,sau khi lấy tiền cu lì còn dùng kéo uy hiếp buộc nạn nhân phải giao cấu
../raw/VLSP/vlsp2020_train_set_02/speaker_117-410671-1.wav,vây bắt nghi can đâm chết mẹ vợ rồi tự sát
../raw/VLSP/vlsp2020_train_set_02/speaker_152-032846-1.wav,ông cũng rất yêu quý mẹ và vợ mình họ là hai người phụ nữ mà ông hay nhắc đến nhiều nhất
../raw/VLSP/vlsp2020_train_set_02/speaker_183-046942-1.wav,đông phi thuộc đức dù rất rộng lớn không có tầm quan trọng về chiến lược bằng các thuộc địa của anh ở vùng này do những vùng thuộc địa của đức rất khó thành lập các khu dân cử bởi điều kiện thời tiết và địa hình khắc nghiệt
../raw/VLSP/vlsp2020_train_set_02/speaker_217-101744-1.wav,đến lúc sắp mất văn đế cũng dặn thái tử lưu khải rằng khi có việc cấp bách thì hãy dùng tới chu á phu
../raw/VLSP/vlsp2020_train_set_02/speaker_256-175961-1.wav,và bài viết được xếp thứ ba trong danh sách được đọc nhiều nhất trong tuần
../raw/VLSP/vlsp2020_train_set_02/speaker_298-097690-1.wav,sau khi chu toàn trung soán vị triều đường và lập ra triều hậu lương dương ác cùng một số quân phiệt khác không công nhận hậu lương
../raw/VLSP/vlsp2020_train_set_02/speaker_343-017330-1.wav,các đại thần bên ngoài muốn được huyền tông trọng dụng đều chủ động dâng lễ vật quý cho quý phi
../raw/VLSP/vlsp2020_train_set_02/speaker_390-060362-1.wav,cơ trực trên quay cầu lên và chếch vào trong một chút cơ chéo dưới quay lên và ra ngoài một chút
../raw/VLSP/vlsp2020_train_set_02/speaker_422-004571-1.wav,mặc dù chiến dịch không đem đến lợi thế rõ rệt về quân sự nhưng đã làm xã hội hoa kỳ quá mệt mỏi
../raw/VLSP/vlsp2020_train_set_02/speaker_462-193049-1.wav,bị cáo dự định cho chồng uống thời điểm nào
../raw/VLSP/vlsp2020_train_set_02/speaker_502-003122-1.wav,bốn sự kiện đáng ghi nhớ của hội khuyến học việt nam
../raw/VLSP/vlsp2020_train_set_02/speaker_545-279297-1.wav,theo hãng cebu pacific các tiếp viên chỉ nhảy trong một số chuyến bay nhất định
../raw/VLSP/vlsp2020_train_set_02/speaker_572-419609-1.wav,cái chết có thể đến với họ bất cứ lúc nào
../raw/VLSP/vlsp2020_train_set_02/speaker_597-119663-1.wav,thị trường ổn định là thời cơ vàng để khách hàng yên tâm sở hữu bất động sản
../raw/VLSP/vlsp2020_train_set_02/speaker_647-099474-1.wav,người giàu việt nam cũng được mệnh danh là chịu chơi so với thế giới về mua sắm siêu xe
../raw/VLSP/vlsp2020_train_set_02/speaker_687-079024-1.wav,bảy tỷ phú tổng tài sản tám trăm chín mươi hai tỷ đồng
../raw/VLSP/vlsp2020_train_set_02/speaker_719-025547-1.wav,thiết bị mới có khả năng giải thích và cung cấp hình ảnh từ âm thanh
../raw/VLSP/vlsp2020_train_set_02/speaker_758-049126-1.wav,từ đó bắt đầu một thử thách kéo dài nhiều tuần
../raw/VLSP/vlsp2020_train_set_02/speaker_803-326451-1.wav,tiếng nhị cứ như tiếng cứa đau đến buốt lòng người nghe
../raw/VLSP/vlsp2020_train_set_02/speaker_845-067872-1.wav,các cụm thi quốc gia vẫn giữ ổn định như các năm trước
../raw/VLSP/vlsp2020_train_set_02/speaker_906_401397-1.wav,chúng tôi phải đào bới đống đổ nát bằng tay không
../raw/VLSP/vlsp2020_train_set_02/spkyut-20190730-utt000000272.wav,đây là sản phẩm mật ong được nhập khẩu phần trăm từ mỹ với công dụng chống lão hóa mát phổi chống ho rất tuyệt vời
../raw/VLSP/vlsp2020_train_set_02/spkyut-20190730-utt000000815.wav,mình cảm thấy rằng mình có cái phần hướng nội của mình nhưng mà phần này nhỏ thôi còn phần hướng ngoại thì vẫn là nhiều hơn điều mình muốn nói là bạn hãy thoải mái và tận hưởng những gì diễn ra hằng ngày
../raw/VLSP/vlsp2020_train_set_02/spkyut-20190730-utt000001359.wav,hắn có nghe nói về yêu nhân và ma nhưng trong phật tự làm sao có yêu nhân được không phải ta là quỷ
../raw/VLSP/vlsp2020_train_set_02/spkyut-20190730-utt000001903.wav,có thể dùng móng tay hay tăm bông gẩy các cặn bẩn hay các cặn sữa ở trên đầu ti túm lại là làm cho đầu ti thật sạch
../raw/VLSP/vlsp2020_train_set_02/spkyut-20190730-utt000002446.wav,phù wow wow wow wow wow wow wow wow wow wow wow wow
../raw/VLSP/vlsp2020_train_set_02/spkyut-20190730-utt000002988.wav,đây là chữ x trừ x kí hiệu là nhưng chữ y đứng bên trái nên chúng ta sẽ trừ đơn vị là
../raw/VLSP/vlsp2020_train_set_02/spkyut-20190730-utt000003532.wav,nghiên cứu cho thấy tinh dầu ngọc lan tây giống như một loại thuốc chống trầm cảm tuyệt vời giúp cải thiện các cảm xúc tiêu cực làm dịu tâm trí chống lo âu trầm cảm căng thẳng và nâng cao tinh thần
../raw/VLSP/vlsp2020_train_set_02/spkyut-20190730-utt000004075.wav,hôm nay mình sử dụng bút chì b để vẽ và sẽ nhấn đậm bằng bút chì b nhé
../raw/VLSP/vlsp2020_train_set_02/spkyut-20190730-utt000004617.wav,còn sở hữu kích kích thước lớn hơn hino xzu có thiết kế thùng hàng dài hơn do đó có thể chở được nhiều hàng hóa cồng kềnh
../raw/VLSP/vlsp2020_train_set_02/spkyut-20190730-utt000005160.wav,isaac thì phải chạy thoát thân đến chỗ thang máy thoát khỏi lũ necromorph kinh tởm và khát máu kia anh hoảng loạn cực độ vì những gì vừa trải qua
